DisseminationArea,Primary Cluster,Secondary Cluster
35200002,A,1
35200003,B,2
35200004,C,1
35200005,C,1
35200006,C,1
35200007,C,1
35200009,C,1
35200010,C,1
35200012,C,1
35200013,C,1
35200018,A,1
35200028,C,3
35200029,C,1
35200030,C,1
35200031,C,1
35200032,C,4
35200033,C,4
35200034,C,4
35200035,C,1
35200036,C,1
35200037,C,1
35200039,C,1
35200041,C,1
35200042,C,2
35200043,C,4
35200044,A,1
35200046,C,1
35200047,C,3
35200048,A,1
35200049,C,1
35200050,A,1
35200051,C,1
35200052,C,1
35200053,C,1
35200054,C,4
35200055,C,1
35200056,C,4
35200057,B,2
35200058,A,1
35200062,C,1
35200064,B,2
35200065,B,2
35200066,B,2
35200067,C,4
35200068,B,2
35200069,B,2
35200070,B,2
35200071,C,1
35200072,B,2
35200073,B,2
35200074,B,2
35200078,B,2
35200079,A,1
35200080,C,4
35200082,B,2
35200085,B,2
35200086,B,2
35200087,C,1
35200088,B,2
35200089,B,2
35200090,C,4
35200091,B,2
35200092,C,1
35200093,B,2
35200094,D,1
35200095,C,1
35200096,B,2
35200097,A,1
35200099,B,2
35200100,B,2
35200101,C,1
35200102,A,1
35200103,B,2
35200104,B,2
35200105,B,2
35200106,B,2
35200107,B,2
35200108,A,1
35200109,B,2
35200110,B,2
35200111,B,2
35200112,B,2
35200114,B,2
35200115,B,2
35200116,A,1
35200117,B,2
35200118,B,2
35200119,B,2
35200120,C,1
35200121,B,2
35200123,B,2
35200124,C,1
35200125,B,2
35200126,B,2
35200127,C,1
35200128,C,1
35200133,C,1
35200134,B,2
35200135,C,1
35200136,A,1
35200137,C,1
35200138,B,2
35200139,C,4
35200140,C,4
35200141,B,2
35200142,B,2
35200143,B,2
35200144,B,2
35200145,C,1
35200146,C,1
35200147,B,2
35200148,C,4
35200149,B,2
35200150,C,3
35200161,A,1
35200162,C,1
35200163,B,2
35200164,B,3
35200165,B,2
35200166,B,2
35200167,C,1
35200173,B,2
35200174,B,2
35200175,B,2
35200176,B,2
35200177,C,4
35200178,B,2
35200179,B,3
35200180,C,1
35200181,C,1
35200182,A,2
35200183,C,4
35200186,B,2
35200187,B,2
35200188,C,1
35200189,B,2
35200190,B,2
35200193,B,2
35200196,B,2
35200197,B,2
35200198,B,2
35200199,B,2
35200200,B,2
35200201,B,2
35200202,B,2
35200203,B,2
35200204,A,1
35200205,C,1
35200206,B,2
35200207,B,3
35200208,B,2
35200209,C,1
35200210,B,2
35200211,B,2
35200212,B,2
35200213,B,2
35200214,B,2
35200215,B,2
35200216,B,2
35200217,B,2
35200218,C,4
35200219,B,2
35200220,B,2
35200221,C,3
35200222,C,4
35200223,C,4
35200224,B,2
35200232,C,4
35200233,B,2
35200234,B,2
35200235,C,4
35200236,C,1
35200237,B,2
35200238,C,1
35200239,C,1
35200242,A,1
35200243,B,2
35200244,B,2
35200245,C,4
35200246,B,2
35200249,A,3
35200250,B,2
35200251,B,2
35200252,B,2
35200253,C,1
35200254,B,2
35200255,B,2
35200256,C,2
35200260,B,2
35200261,B,2
35200262,B,2
35200263,B,2
35200264,B,2
35200265,B,2
35200266,B,2
35200267,A,3
35200268,A,3
35200269,B,2
35200271,C,3
35200272,A,3
35200273,A,3
35200275,B,2
35200278,B,3
35200279,B,2
35200280,A,1
35200281,A,3
35200284,A,3
35200288,B,2
35200289,B,2
35200290,B,2
35200291,B,2
35200292,C,1
35200293,B,2
35200294,B,2
35200297,A,2
35200298,C,1
35200300,C,3
35200301,B,2
35200302,B,2
35200303,B,2
35200304,B,2
35200305,A,1
35200306,B,2
35200307,B,2
35200308,B,2
35200309,C,4
35200310,C,1
35200313,B,3
35200315,A,3
35200316,A,3
35200317,A,3
35200318,A,1
35200319,C,1
35200320,A,3
35200321,B,2
35200322,D,1
35200323,C,3
35200324,C,1
35200325,A,1
35200326,B,2
35200327,A,2
35200328,B,2
35200329,B,2
35200330,B,2
35200331,B,2
35200332,B,2
35200333,B,2
35200334,B,2
35200335,B,2
35200336,B,2
35200337,B,2
35200338,B,2
35200339,A,1
35200352,D,2
35200355,B,2
35200357,B,2
35200358,B,2
35200359,B,2
35200360,B,2
35200361,B,2
35200362,B,2
35200363,B,2
35200364,A,3
35200366,C,4
35200368,C,4
35200370,B,2
35200371,B,3
35200372,B,2
35200373,B,2
35200374,B,2
35200375,B,2
35200376,B,2
35200377,B,2
35200378,B,3
35200379,B,3
35200380,B,3
35200381,A,3
35200382,A,3
35200383,A,3
35200384,B,3
35200385,B,3
35200386,B,3
35200387,B,3
35200388,B,2
35200389,C,4
35200391,B,2
35200392,B,2
35200393,B,2
35200394,B,2
35200395,B,2
35200396,B,2
35200397,A,1
35200400,B,2
35200401,B,2
35200402,B,2
35200404,C,4
35200405,C,1
35200406,B,2
35200407,C,4
35200408,B,2
35200409,C,1
35200410,A,1
35200411,C,3
35200412,A,1
35200413,A,3
35200414,A,1
35200415,B,2
35200416,B,3
35200417,C,3
35200418,C,3
35200420,C,4
35200421,C,4
35200422,C,4
35200423,A,3
35200426,C,4
35200427,C,1
35200428,C,4
35200429,A,1
35200430,C,1
35200431,B,1
35200432,B,2
35200433,C,1
35200434,C,4
35200435,C,1
35200436,C,3
35200437,C,1
35200438,C,4
35200439,C,1
35200440,C,1
35200442,C,4
35200443,C,4
35200444,C,4
35200445,C,4
35200449,A,3
35200450,B,1
35200451,B,2
35200452,B,2
35200453,B,1
35200454,A,3
35200455,B,2
35200456,A,1
35200459,A,2
35200460,C,3
35200463,A,3
35200464,A,1
35200465,C,1
35200466,C,1
35200467,C,1
35200468,C,4
35200469,C,3
35200470,C,3
35200471,A,3
35200472,C,4
35200475,C,4
35200478,C,4
35200479,B,1
35200480,B,1
35200481,B,1
35200482,A,2
35200483,C,4
35200484,A,1
35200488,C,4
35200489,C,2
35200490,B,1
35200491,C,2
35200492,C,1
35200493,C,1
35200494,C,2
35200495,B,1
35200497,A,1
35200498,C,1
35200499,C,3
35200505,D,1
35200506,D,1
35200510,D,1
35200511,D,1
35200512,B,1
35200513,B,1
35200514,B,1
35200515,B,1
35200516,B,1
35200517,C,2
35200518,B,1
35200519,B,1
35200520,B,1
35200521,D,1
35200522,B,1
35200523,D,1
35200524,B,1
35200525,B,1
35200529,B,1
35200531,B,1
35200532,B,1
35200533,B,3
35200534,B,1
35200535,C,4
35200536,C,3
35200538,A,3
35200539,A,1
35200540,C,1
35200541,C,3
35200542,C,1
35200545,B,3
35200561,B,1
35200562,B,1
35200563,B,1
35200564,B,1
35200565,B,1
35200566,B,1
35200567,C,4
35200568,B,1
35200569,B,1
35200570,B,1
35200571,D,1
35200572,B,1
35200573,B,1
35200574,A,2
35200575,B,1
35200576,B,1
35200577,A,2
35200578,B,1
35200579,B,1
35200580,B,1
35200581,D,1
35200582,D,1
35200583,D,1
35200584,B,1
35200585,D,1
35200586,D,1
35200587,D,1
35200588,D,1
35200589,B,1
35200590,B,1
35200591,B,1
35200593,D,1
35200594,D,1
35200595,D,1
35200596,D,1
35200597,A,2
35200598,C,3
35200599,D,1
35200600,B,1
35200601,B,1
35200602,B,1
35200603,C,2
35200604,D,1
35200605,B,1
35200606,D,1
35200610,B,1
35200611,B,1
35200612,B,1
35200639,A,1
35200640,C,4
35200641,C,3
35200642,C,4
35200643,D,1
35200644,C,4
35200645,B,1
35200646,B,1
35200647,D,1
35200648,D,1
35200649,B,1
35200650,B,1
35200651,B,1
35200652,B,1
35200653,B,1
35200654,B,1
35200655,B,1
35200656,D,1
35200657,B,1
35200658,B,1
35200659,B,3
35200660,B,1
35200661,A,3
35200662,A,2
35200663,B,1
35200664,B,1
35200665,B,1
35200666,B,1
35200667,B,1
35200668,D,1
35200669,B,1
35200670,B,1
35200671,B,1
35200672,D,1
35200673,D,1
35200674,D,1
35200675,D,1
35200676,B,1
35200677,B,1
35200678,B,1
35200679,B,1
35200680,B,1
35200681,B,1
35200682,B,1
35200683,D,1
35200686,A,2
35200687,A,2
35200688,D,1
35200689,A,2
35200690,D,1
35200691,A,2
35200692,D,1
35200693,B,1
35200694,C,2
35200695,D,1
35200696,B,1
35200697,D,1
35200698,D,1
35200699,B,1
35200700,D,1
35200701,D,1
35200702,A,2
35200703,D,1
35200704,D,1
35200705,A,2
35200706,B,1
35200707,B,1
35200708,D,1
35200709,B,1
35200710,B,1
35200711,D,1
35200712,D,1
35200713,B,1
35200714,B,1
35200715,B,1
35200716,D,1
35200717,D,1
35200718,A,1
35200719,C,2
35200720,D,1
35200724,B,1
35200725,B,1
35200726,B,1
35200727,B,1
35200728,D,1
35200729,B,1
35200730,B,1
35200731,D,1
35200732,B,1
35200733,B,1
35200734,B,1
35200735,B,1
35200736,B,1
35200737,B,1
35200738,B,1
35200739,D,1
35200740,B,3
35200741,D,2
35200744,A,2
35200745,A,2
35200746,B,3
35200747,B,3
35200748,B,1
35200749,B,3
35200750,B,3
35200751,B,3
35200752,B,1
35200753,B,3
35200754,B,1
35200755,D,1
35200756,A,2
35200757,D,2
35200768,D,2
35200769,A,2
35200770,D,1
35200771,D,1
35200772,D,1
35200774,D,1
35200782,D,2
35200783,A,2
35200791,D,1
35200792,D,1
35200794,D,1
35200795,B,1
35200796,D,1
35200797,D,1
35200798,D,1
35200801,C,3
35200802,C,3
35200803,C,3
35200804,B,3
35200805,D,2
35200806,D,2
35200807,D,1
35200808,D,1
35200809,D,1
35200810,C,3
35200811,C,3
35200812,D,1
35200813,D,1
35200814,D,2
35200815,D,1
35200821,D,2
35200822,D,2
35200826,D,2
35200827,D,1
35200828,D,2
35200829,B,3
35200830,D,1
35200831,D,1
35200832,D,1
35200833,D,1
35200855,D,2
35200859,D,1
35200860,D,2
35200861,D,2
35200862,D,1
35200863,D,1
35200864,D,1
35200865,D,1
35200866,C,2
35200867,C,3
35200868,D,2
35200869,D,1
35200870,D,2
35200876,D,1
35200877,D,1
35200878,A,3
35200879,D,1
35200880,B,1
35200881,D,1
35200882,D,1
35200883,D,1
35200884,A,2
35200885,A,2
35200886,D,1
35200887,D,1
35200888,D,1
35200889,D,1
35200890,D,1
35200891,D,1
35200892,D,1
35200893,D,2
35200894,D,2
35200895,D,2
35200896,D,2
35200897,D,2
35200898,D,1
35200899,D,2
35200900,D,2
35200901,D,2
35200902,D,2
35200903,D,2
35200905,D,2
35200906,D,1
35200907,D,1
35200908,D,1
35200909,D,2
35200910,D,2
35200911,B,1
35200912,D,1
35200913,D,1
35200914,D,1
35200915,D,1
35200916,D,1
35200917,D,1
35200918,A,2
35200919,D,1
35200920,D,1
35200921,D,1
35200922,D,1
35200923,D,1
35200924,D,1
35200925,D,1
35200926,D,1
35200927,D,1
35200928,D,1
35200929,D,1
35200930,D,1
35200931,D,1
35200932,D,1
35200933,A,2
35200934,D,1
35200935,D,1
35200936,D,1
35200937,C,2
35200938,A,2
35200939,D,1
35200940,D,1
35200941,D,1
35200942,D,1
35200943,D,1
35200944,D,1
35200945,B,1
35200946,D,1
35200949,D,1
35200950,D,1
35200951,D,1
35200952,A,2
35200953,A,2
35200954,D,1
35200955,D,1
35200956,D,1
35200957,A,1
35200958,D,1
35200959,C,2
35200960,B,1
35200961,D,1
35200962,D,1
35200963,D,1
35200965,D,1
35200966,D,1
35200967,D,1
35200968,A,1
35200969,C,2
35200974,B,1
35200975,A,2
35200976,D,1
35200977,D,1
35200979,B,3
35200981,A,1
35200983,B,1
35200985,D,1
35200986,A,2
35200987,B,1
35200988,D,1
35200989,A,2
35200990,A,2
35200991,D,1
35200992,B,1
35200993,D,1
35200994,D,1
35200995,D,1
35200996,A,2
35200997,D,1
35200998,D,1
35200999,D,1
35201000,D,1
35201001,D,1
35201002,A,2
35201003,B,1
35201004,D,1
35201005,D,1
35201006,D,1
35201007,A,2
35201008,A,2
35201009,D,1
35201010,D,1
35201011,D,1
35201012,D,1
35201013,D,1
35201014,D,1
35201015,A,2
35201016,D,1
35201017,D,1
35201018,D,1
35201019,A,2
35201020,D,1
35201023,D,1
35201024,D,1
35201025,D,2
35201026,D,1
35201027,D,1
35201028,D,1
35201029,D,2
35201030,D,1
35201031,D,2
35201032,A,2
35201033,D,2
35201034,D,1
35201035,D,2
35201036,D,2
35201038,D,2
35201039,D,2
35201040,D,1
35201041,D,1
35201044,D,1
35201045,D,2
35201046,D,2
35201047,D,2
35201048,D,1
35201049,D,1
35201050,B,1
35201051,A,2
35201052,D,2
35201053,D,2
35201054,A,2
35201055,D,2
35201056,D,2
35201057,D,1
35201058,D,2
35201059,D,1
35201060,A,2
35201061,D,2
35201062,D,1
35201063,D,1
35201064,D,1
35201065,B,1
35201066,B,1
35201067,D,1
35201068,D,1
35201069,D,1
35201070,D,1
35201071,D,1
35201072,D,1
35201073,D,1
35201076,D,1
35201077,B,1
35201078,A,2
35201079,D,1
35201080,D,1
35201081,D,1
35201104,D,1
35201105,D,1
35201106,D,1
35201107,D,2
35201109,D,1
35201110,D,1
35201111,D,1
35201112,B,1
35201113,D,1
35201114,D,1
35201122,C,2
35201123,B,1
35201124,C,2
35201125,A,2
35201126,C,2
35201127,C,2
35201128,C,2
35201129,C,2
35201130,B,1
35201131,C,2
35201132,C,2
35201133,B,1
35201134,C,2
35201139,D,1
35201140,C,2
35201141,B,1
35201142,D,1
35201143,C,2
35201144,D,1
35201145,C,2
35201146,B,1
35201147,B,1
35201148,A,2
35201149,D,1
35201150,D,1
35201151,D,1
35201152,D,1
35201153,D,1
35201154,D,1
35201155,B,1
35201156,D,1
35201157,D,1
35201158,A,2
35201159,C,2
35201160,C,2
35201161,D,1
35201162,A,1
35201163,D,1
35201164,C,2
35201165,D,1
35201166,C,2
35201167,A,1
35201168,C,2
35201169,D,1
35201170,C,2
35201171,C,2
35201172,C,2
35201173,C,2
35201174,C,2
35201175,C,2
35201176,B,1
35201177,D,1
35201178,C,2
35201179,C,2
35201180,C,2
35201181,A,2
35201182,C,2
35201185,B,1
35201186,C,2
35201187,B,1
35201188,C,2
35201191,B,1
35201192,C,1
35201193,B,1
35201194,C,2
35201195,C,2
35201196,C,2
35201197,C,2
35201198,C,2
35201199,C,2
35201200,C,4
35201201,C,2
35201202,C,2
35201203,C,2
35201204,C,2
35201205,C,2
35201206,C,2
35201209,C,2
35201210,C,2
35201211,C,2
35201212,C,2
35201213,C,4
35201214,B,3
35201215,A,1
35201216,C,2
35201217,C,4
35201219,A,1
35201222,B,1
35201228,C,4
35201240,C,2
35201241,C,2
35201242,C,2
35201243,C,2
35201244,C,2
35201249,C,2
35201250,C,2
35201251,C,2
35201252,D,1
35201253,C,4
35201254,C,2
35201255,B,1
35201256,A,2
35201257,B,1
35201259,C,2
35201263,C,2
35201264,C,2
35201267,C,2
35201278,B,1
35201279,B,1
35201280,B,1
35201281,B,1
35201282,B,1
35201283,B,1
35201284,D,1
35201285,D,1
35201286,D,1
35201287,D,1
35201288,D,1
35201289,A,2
35201290,B,1
35201291,B,1
35201292,B,1
35201293,B,1
35201294,B,1
35201295,B,1
35201297,B,1
35201298,A,2
35201312,D,1
35201313,D,1
35201314,B,1
35201315,B,1
35201316,D,1
35201317,D,1
35201318,B,1
35201319,A,2
35201320,D,1
35201321,A,2
35201322,D,1
35201323,B,1
35201324,A,2
35201325,B,1
35201326,D,1
35201327,D,1
35201328,D,1
35201329,A,2
35201331,D,1
35201332,D,1
35201333,D,1
35201334,C,3
35201337,C,3
35201338,C,3
35201339,D,1
35201347,D,1
35201348,B,1
35201349,B,1
35201350,D,1
35201351,D,1
35201352,D,1
35201353,B,1
35201354,B,1
35201355,D,1
35201356,D,1
35201357,D,1
35201358,A,2
35201359,D,1
35201360,D,1
35201361,A,2
35201362,D,2
35201363,B,1
35201364,D,1
35201365,D,1
35201368,B,1
35201369,D,1
35201370,B,1
35201371,D,1
35201372,D,1
35201373,B,1
35201374,D,1
35201375,B,1
35201376,A,2
35201377,D,1
35201378,D,1
35201379,A,2
35201380,D,1
35201381,C,2
35201383,B,1
35201384,C,2
35201387,C,4
35201388,C,2
35201389,C,2
35201390,C,2
35201391,C,2
35201393,C,2
35201394,C,2
35201395,C,2
35201396,C,3
35201397,C,2
35201398,C,2
35201399,D,1
35201400,A,2
35201401,D,1
35201402,D,1
35201403,A,2
35201404,D,1
35201405,D,1
35201406,D,1
35201407,D,1
35201408,D,1
35201409,D,1
35201410,A,2
35201411,D,1
35201412,D,1
35201413,D,1
35201414,B,1
35201415,D,1
35201416,A,2
35201417,D,1
35201418,D,1
35201419,D,1
35201420,D,1
35201421,D,1
35201422,D,1
35201423,D,1
35201426,D,1
35201427,D,1
35201428,A,2
35201429,A,2
35201430,D,1
35201431,D,1
35201432,D,1
35201433,D,1
35201434,D,1
35201435,A,2
35201436,D,1
35201437,D,1
35201438,D,1
35201439,D,1
35201440,D,1
35201441,D,1
35201442,D,1
35201443,D,1
35201444,D,1
35201445,D,1
35201446,D,1
35201447,A,2
35201448,D,1
35201449,D,1
35201450,A,2
35201451,D,1
35201452,D,2
35201453,D,2
35201459,A,2
35201460,D,1
35201461,B,3
35201463,A,3
35201464,C,3
35201466,D,1
35201467,D,1
35201468,A,2
35201469,D,2
35201471,A,2
35201477,B,1
35201478,B,1
35201479,B,1
35201480,B,1
35201481,D,1
35201482,D,1
35201483,B,1
35201485,D,1
35201486,B,1
35201487,B,3
35201488,B,1
35201489,B,3
35201490,B,3
35201491,D,1
35201492,B,1
35201493,B,1
35201494,B,1
35201495,B,3
35201496,B,1
35201497,B,1
35201498,B,3
35201499,B,3
35201500,B,3
35201501,B,3
35201502,B,3
35201503,B,3
35201504,B,3
35201505,B,3
35201506,B,3
35201507,B,1
35201508,B,3
35201509,B,3
35201510,B,3
35201511,B,3
35201512,B,3
35201513,B,1
35201514,B,1
35201515,B,1
35201516,B,1
35201517,B,1
35201518,B,1
35201519,C,4
35201520,C,4
35201521,D,1
35201522,C,2
35201523,D,1
35201524,B,1
35201525,C,4
35201526,C,4
35201532,C,1
35201541,B,1
35201542,B,1
35201543,A,2
35201544,A,2
35201545,D,1
35201547,B,1
35201548,C,4
35201552,A,2
35201553,A,1
35201554,B,1
35201555,B,1
35201556,D,1
35201557,A,2
35201558,B,1
35201559,C,3
35201560,C,4
35201563,D,1
35201564,C,4
35201565,C,2
35201566,C,2
35201567,C,4
35201568,D,1
35201569,C,2
35201570,D,1
35201571,B,1
35201572,C,2
35201573,C,3
35201574,D,1
35201575,A,3
35201576,C,4
35201577,B,1
35201578,D,1
35201579,C,3
35201580,B,1
35201581,C,3
35201582,B,1
35201583,B,1
35201584,A,1
35201585,A,2
35201586,A,1
35201587,B,1
35201588,C,4
35201589,C,1
35201590,C,4
35201591,B,1
35201592,B,1
35201593,C,4
35201594,C,1
35201595,C,4
35201596,B,1
35201597,C,4
35201598,B,1
35201599,B,1
35201600,C,3
35201601,C,3
35201602,B,1
35201603,A,1
35201604,B,3
35201605,B,1
35201607,C,4
35201608,B,3
35201609,B,2
35201610,A,3
35201611,B,3
35201612,B,3
35201613,D,1
35201614,A,3
35201615,B,3
35201616,B,3
35201617,A,2
35201620,C,4
35201621,A,1
35201622,B,3
35201623,A,1
35201624,B,2
35201625,B,1
35201626,B,1
35201627,C,4
35201629,B,1
35201630,B,1
35201631,C,2
35201632,B,1
35201634,B,1
35201635,B,1
35201636,B,1
35201641,C,3
35201647,B,2
35201648,B,3
35201649,B,1
35201650,B,1
35201652,B,1
35201653,B,1
35201654,B,3
35201656,D,1
35201657,B,1
35201658,B,1
35201659,B,1
35201660,B,3
35201661,B,1
35201662,B,1
35201663,D,2
35201664,D,1
35201665,B,2
35201666,B,1
35201667,D,1
35201670,C,1
35201672,C,2
35201673,C,2
35201674,D,1
35201675,B,1
35201676,B,1
35201690,B,1
35201691,B,3
35201692,B,1
35201693,B,3
35201694,D,1
35201695,D,1
35201696,B,1
35201697,B,3
35201698,A,2
35201699,B,3
35201700,B,1
35201701,B,3
35201702,B,3
35201703,B,3
35201704,B,3
35201705,B,1
35201706,B,3
35201707,B,3
35201708,B,3
35201709,B,3
35201710,B,3
35201711,B,3
35201712,B,3
35201713,B,3
35201714,A,1
35201717,C,3
35201718,B,3
35201719,B,1
35201720,C,4
35201721,C,3
35201722,C,3
35201723,C,2
35201724,C,1
35201725,C,3
35201726,C,1
35201728,C,3
35201730,B,3
35201731,B,1
35201732,C,4
35201734,B,3
35201735,C,3
35201736,A,1
35201737,C,4
35201738,B,1
35201739,B,3
35201740,B,3
35201741,B,3
35201744,C,3
35201748,C,3
35201749,B,1
35201750,B,1
35201751,B,3
35201752,B,1
35201753,B,1
35201754,B,1
35201755,B,1
35201756,B,1
35201757,B,1
35201758,B,1
35201759,B,1
35201760,B,1
35201761,B,2
35201762,B,3
35201779,A,1
35201781,C,2
35201782,B,1
35201783,C,1
35201784,C,1
35201785,C,3
35201786,B,1
35201787,B,1
35201788,C,4
35201789,C,3
35201790,C,1
35201791,A,1
35201792,C,4
35201793,B,2
35201802,B,2
35201803,B,3
35201804,B,3
35201805,B,3
35201806,B,3
35201807,B,1
35201816,C,1
35201817,C,4
35201818,C,2
35201819,C,4
35201820,A,1
35201821,C,3
35201822,C,3
35201823,A,1
35201824,C,2
35201825,C,4
35201826,A,1
35201827,C,2
35201828,C,2
35201829,C,2
35201830,C,4
35201831,B,1
35201832,C,4
35201833,C,1
35201834,C,4
35201835,C,3
35201838,C,3
35201839,C,1
35201840,C,4
35201841,C,3
35201842,C,1
35201843,C,2
35201844,C,4
35201845,C,2
35201846,C,4
35201847,C,1
35201848,C,4
35201849,C,1
35201850,C,1
35201851,A,1
35201852,C,2
35201853,C,3
35201854,C,3
35201855,C,2
35201856,C,3
35201857,A,1
35201858,C,4
35201859,C,1
35201860,C,4
35201861,C,1
35201862,C,4
35201863,C,3
35201864,C,1
35201868,C,2
35201869,C,2
35201872,C,4
35201874,C,3
35201875,C,3
35201876,A,1
35201877,C,2
35201879,A,1
35201880,C,1
35201881,C,2
35201882,C,2
35201883,C,3
35201884,C,2
35201885,C,3
35201886,C,2
35201887,C,2
35201888,C,3
35201889,C,2
35201890,C,4
35201892,C,3
35201893,C,4
35201894,C,2
35201895,C,2
35201896,C,2
35201900,C,4
35201901,C,2
35201902,C,2
35201903,C,2
35201904,C,2
35201905,C,2
35201906,C,2
35201907,C,4
35201908,C,2
35201909,B,1
35201912,C,3
35201913,B,1
35201914,C,2
35201915,C,4
35201916,C,2
35201917,C,2
35201919,C,4
35201920,C,4
35201935,B,1
35201936,B,1
35201937,C,4
35201938,C,2
35201939,C,4
35201940,B,1
35201950,B,1
35201951,B,1
35201952,B,1
35201953,C,2
35201955,C,2
35201958,C,4
35201959,C,2
35201960,C,3
35201961,C,2
35201962,C,2
35201963,C,2
35201964,C,2
35201965,C,2
35201966,C,2
35201967,B,3
35201968,C,2
35201969,C,2
35201970,C,2
35201971,C,2
35201972,A,1
35201973,C,4
35201976,C,2
35201977,C,3
35201979,C,2
35201983,C,2
35201984,C,3
35201985,C,2
35201986,C,2
35201987,C,2
35201988,C,2
35201989,A,1
35201992,C,2
35201993,C,1
35201996,C,2
35201997,C,2
35201998,C,2
35201999,C,3
35202000,C,2
35202001,C,3
35202002,C,2
35202003,C,3
35202004,C,4
35202005,C,2
35202006,C,2
35202007,C,4
35202013,C,4
35202016,A,1
35202017,A,1
35202018,C,3
35202019,A,1
35202020,C,2
35202021,C,3
35202022,C,2
35202023,C,3
35202024,A,1
35202025,C,2
35202026,C,2
35202027,C,1
35202028,B,2
35202029,A,1
35202030,A,1
35202031,C,2
35202035,C,3
35202036,C,3
35202037,C,4
35202040,A,1
35202042,C,3
35202045,C,3
35202046,C,3
35202047,C,2
35202048,C,2
35202049,C,2
35202050,C,3
35202051,C,3
35202055,C,3
35202056,C,2
35202057,C,2
35202058,C,2
35202059,C,2
35202065,C,3
35202066,C,2
35202067,A,1
35202071,C,2
35202072,C,2
35202075,C,2
35202078,C,2
35202079,C,2
35202080,C,4
35202084,C,2
35202085,A,1
35202086,A,1
35202087,C,4
35202088,C,4
35202089,C,2
35202090,C,2
35202091,C,2
35202094,C,2
35202096,C,3
35202097,C,3
35202098,D,2
35202100,B,1
35202101,B,1
35202102,C,2
35202103,C,3
35202104,C,2
35202105,B,1
35202106,B,2
35202107,B,1
35202108,C,3
35202109,C,3
35202110,A,3
35202111,B,3
35202112,B,1
35202113,B,1
35202114,B,1
35202115,B,3
35202116,B,3
35202117,B,1
35202118,B,1
35202119,A,1
35202120,B,1
35202121,C,1
35202122,B,3
35202123,B,1
35202124,B,3
35202125,C,4
35202126,B,3
35202127,B,3
35202128,B,3
35202129,B,2
35202130,C,4
35202131,C,3
35202132,A,3
35202133,B,1
35202134,B,3
35202135,C,3
35202136,C,3
35202137,C,3
35202138,C,4
35202139,C,4
35202140,C,4
35202141,D,1
35202145,C,2
35202147,A,3
35202149,B,1
35202150,B,1
35202151,C,4
35202152,C,3
35202153,C,1
35202154,C,2
35202155,C,4
35202156,B,3
35202157,B,1
35202158,B,3
35202159,D,1
35202160,B,1
35202161,C,4
35202162,C,4
35202163,C,2
35202164,C,2
35202165,A,1
35202166,C,2
35202167,C,2
35202168,C,3
35202169,A,1
35202170,C,2
35202171,C,2
35202172,C,2
35202173,A,1
35202174,B,1
35202175,C,4
35202176,B,1
35202177,C,2
35202178,C,4
35202179,A,1
35202180,C,3
35202181,C,3
35202183,B,1
35202184,C,2
35202185,C,2
35202186,B,1
35202187,C,4
35202188,C,4
35202189,C,2
35202210,B,3
35202211,C,4
35202212,C,2
35202213,C,2
35202214,C,4
35202215,C,2
35202216,C,2
35202217,C,4
35202218,C,4
35202222,C,2
35202223,C,2
35202224,B,1
35202225,D,1
35202226,C,2
35202227,D,1
35202228,B,1
35202229,C,2
35202230,C,2
35202231,C,2
35202232,C,2
35202233,C,1
35202234,C,2
35202235,C,2
35202236,C,2
35202237,C,4
35202238,A,1
35202239,C,4
35202240,C,2
35202241,A,1
35202242,A,3
35202243,C,2
35202244,C,2
35202245,A,1
35202246,C,2
35202247,A,1
35202248,C,2
35202249,A,2
35202251,C,2
35202252,A,2
35202254,B,3
35202255,B,1
35202256,B,3
35202257,A,2
35202258,B,1
35202261,B,3
35202262,C,3
35202263,A,2
35202264,A,3
35202265,A,3
35202266,A,2
35202267,D,1
35202268,B,1
35202269,B,3
35202270,A,3
35202271,B,3
35202272,B,3
35202273,B,1
35202274,A,3
35202275,C,3
35202276,B,3
35202277,B,1
35202278,C,1
35202279,C,3
35202280,A,1
35202281,A,2
35202282,C,4
35202283,C,4
35202284,C,4
35202285,C,3
35202286,B,1
35202287,B,1
35202288,C,2
35202289,C,2
35202290,A,1
35202293,C,4
35202294,B,1
35202295,D,1
35202296,C,4
35202297,D,1
35202298,B,1
35202299,C,2
35202300,C,4
35202301,C,4
35202302,B,3
35202303,B,3
35202304,B,3
35202305,B,1
35202306,B,1
35202307,B,1
35202309,B,3
35202310,D,1
35202311,C,2
35202316,A,3
35202321,C,4
35202322,B,1
35202323,B,3
35202324,B,3
35202325,B,3
35202326,B,3
35202327,B,3
35202328,B,3
35202336,B,3
35202337,B,1
35202338,B,1
35202339,B,1
35202340,B,1
35202341,B,3
35202342,B,1
35202343,B,1
35202344,B,1
35202345,A,2
35202346,A,3
35202347,A,2
35202348,B,3
35202349,B,3
35202350,B,1
35202351,B,3
35202352,B,3
35202353,B,3
35202354,B,3
35202355,B,1
35202356,B,3
35202357,B,3
35202358,B,3
35202359,B,1
35202360,B,3
35202361,B,3
35202362,A,2
35202363,B,3
35202364,B,3
35202365,B,3
35202366,B,3
35202367,B,3
35202368,B,3
35202369,B,3
35202370,B,3
35202371,B,3
35202372,B,3
35202373,D,1
35202374,D,1
35202375,B,1
35202376,B,3
35202377,B,1
35202378,B,2
35202379,B,1
35202380,B,3
35202381,B,3
35202382,B,3
35202383,B,3
35202384,B,3
35202385,B,3
35202386,B,3
35202387,B,3
35202388,B,3
35202389,B,3
35202390,B,3
35202391,B,3
35202392,B,3
35202393,B,3
35202394,B,3
35202395,B,1
35202396,B,3
35202398,B,1
35202399,B,3
35202400,B,3
35202401,B,3
35202402,B,1
35202403,C,4
35202404,A,3
35202405,A,2
35202406,B,1
35202407,A,3
35202408,C,4
35202409,C,3
35202413,B,3
35202414,B,3
35202415,B,2
35202416,D,1
35202417,B,2
35202418,B,2
35202419,B,2
35202430,A,3
35202431,D,2
35202433,C,3
35202436,D,2
35202439,B,2
35202440,B,2
35202441,B,2
35202442,B,2
35202443,A,3
35202446,B,2
35202447,B,2
35202448,B,2
35202449,B,2
35202450,B,2
35202451,B,2
35202452,B,2
35202453,B,2
35202454,B,2
35202455,B,2
35202456,B,2
35202457,B,2
35202458,B,2
35202459,B,2
35202460,B,2
35202461,B,2
35202462,C,3
35202466,C,4
35202467,B,2
35202468,B,2
35202469,A,3
35202472,B,2
35202475,B,2
35202476,B,2
35202477,B,2
35202478,B,2
35202479,B,2
35202480,B,2
35202481,B,2
35202482,B,2
35202483,B,2
35202484,B,2
35202485,B,2
35202486,B,2
35202487,B,3
35202491,B,2
35202492,B,2
35202493,B,2
35202494,B,2
35202495,B,2
35202496,B,2
35202497,B,2
35202498,B,2
35202499,C,4
35202500,B,2
35202501,D,2
35202502,B,2
35202503,D,2
35202504,B,2
35202507,B,2
35202508,B,2
35202509,B,2
35202510,A,3
35202511,B,2
35202512,B,2
35202513,B,2
35202514,B,2
35202515,B,2
35202516,A,3
35202517,A,3
35202522,A,1
35202523,B,2
35202529,A,3
35202534,B,1
35202535,B,2
35202547,C,1
35202548,B,2
35202549,D,1
35202550,C,1
35202551,D,1
35202553,A,1
35202554,A,1
35202555,A,1
35202560,C,4
35202564,B,3
35202565,B,1
35202566,B,1
35202567,B,1
35202568,B,1
35202569,C,4
35202570,B,3
35202571,B,1
35202572,B,2
35202573,B,2
35202574,B,1
35202575,B,2
35202576,B,2
35202577,B,3
35202583,B,2
35202584,B,2
35202585,C,1
35202586,B,2
35202587,B,2
35202588,C,4
35202589,D,1
35202590,B,2
35202591,A,1
35202592,B,3
35202593,B,2
35202594,B,3
35202597,B,2
35202598,B,2
35202599,B,2
35202600,B,3
35202605,D,1
35202606,B,3
35202608,B,3
35202611,B,2
35202612,B,2
35202613,B,2
35202614,B,2
35202615,B,3
35202616,B,3
35202617,B,2
35202618,A,3
35202619,B,2
35202620,B,2
35202621,B,3
35202622,B,3
35202623,B,3
35202627,B,2
35202628,A,3
35202629,B,3
35202630,B,3
35202636,B,3
35202637,B,3
35202638,B,3
35202639,B,3
35202640,A,2
35202641,B,1
35202642,B,1
35202643,B,3
35202644,B,3
35202645,B,1
35202646,B,3
35202647,B,1
35202648,A,2
35202649,B,1
35202650,A,2
35202653,B,3
35202654,A,3
35202655,D,2
35202656,A,3
35202657,A,3
35202666,D,2
35202669,A,3
35202670,D,2
35202671,D,2
35202672,B,1
35202673,A,2
35202674,A,3
35202675,D,1
35202676,B,3
35202677,B,1
35202678,B,3
35202679,B,3
35202680,B,1
35202681,B,1
35202682,B,1
35202683,B,1
35202684,B,1
35202685,B,3
35202686,B,3
35202687,B,1
35202688,B,1
35202689,B,3
35202690,B,1
35202691,B,1
35202694,B,1
35202695,B,3
35202699,B,2
35202700,B,1
35202701,B,1
35202702,D,2
35202703,B,1
35202704,B,3
35202705,A,3
35202706,A,1
35202707,C,1
35202712,A,1
35202722,C,4
35202727,C,3
35202733,A,1
35202735,A,1
35202736,C,3
35202739,B,2
35202741,B,1
35202742,B,2
35202743,C,3
35202744,A,1
35202745,B,2
35202746,B,1
35202747,B,3
35202748,A,1
35202749,B,3
35202750,C,1
35202751,B,3
35202752,B,3
35202753,B,3
35202756,B,3
35202757,B,3
35202758,B,2
35202760,B,2
35202761,B,3
35202762,B,3
35202763,B,3
35202764,B,3
35202765,B,2
35202767,B,2
35202768,B,1
35202769,D,1
35202770,B,1
35202771,B,3
35202772,B,3
35202773,B,3
35202774,B,3
35202775,B,3
35202776,B,3
35202777,B,3
35202778,B,1
35202779,B,3
35202787,B,1
35202788,B,1
35202789,A,2
35202790,A,2
35202791,D,2
35202792,A,2
35202797,B,1
35202798,B,1
35202799,B,1
35202800,D,1
35202801,A,2
35202802,B,1
35202803,B,1
35202804,A,2
35202805,D,1
35202806,B,1
35202807,D,1
35202808,D,1
35202809,D,1
35202810,B,1
35202811,D,1
35202812,B,1
35202813,D,1
35202814,D,1
35202817,D,2
35202818,D,2
35202819,D,2
35202820,D,2
35202821,D,2
35202823,D,2
35202840,D,2
35202842,D,1
35202843,D,1
35202845,D,1
35202846,D,1
35202847,D,1
35202848,A,2
35202849,D,2
35202850,D,1
35202878,B,1
35202879,D,1
35202880,D,1
35202881,B,1
35202882,D,1
35202883,B,1
35202884,B,3
35202886,B,3
35202887,B,1
35202888,B,3
35202889,B,1
35202890,A,2
35202891,B,1
35202892,D,1
35202893,A,2
35202894,D,1
35202895,B,3
35202896,B,3
35202897,B,3
35202898,B,3
35202899,B,3
35202900,B,1
35202901,B,2
35202902,D,1
35202903,A,2
35202904,A,2
35202905,B,3
35202906,D,2
35202907,A,2
35202910,D,1
35202911,B,1
35202912,B,1
35202918,B,1
35202919,B,1
35202920,B,1
35202928,A,2
35202930,B,1
35202931,A,2
35202932,B,1
35202933,B,3
35202935,B,1
35202936,B,1
35202937,B,3
35202938,B,3
35202939,B,1
35202940,B,1
35202941,B,3
35202942,B,3
35202943,A,3
35202944,B,1
35202945,B,3
35202946,B,3
35202947,B,1
35202948,B,3
35202949,B,1
35202950,B,1
35202951,B,1
35202952,B,3
35202953,B,3
35202954,B,1
35202955,C,4
35202965,C,4
35202966,B,1
35202967,B,1
35202968,B,3
35202969,B,1
35202970,C,3
35202971,C,4
35202972,B,1
35202973,B,2
35202974,B,3
35202975,B,1
35202976,B,1
35202977,A,2
35202982,B,3
35202983,C,2
35202984,A,3
35202985,C,4
35202986,B,1
35202987,B,3
35202988,B,1
35202989,B,3
35202990,A,1
35202991,A,3
35202992,B,3
35202993,B,3
35202994,B,3
35202995,B,3
35202996,B,3
35202997,B,3
35202998,B,3
35202999,B,1
35203000,B,3
35203001,B,2
35203002,C,4
35203003,B,3
35203004,B,3
35203005,B,3
35203006,B,3
35203007,B,3
35203008,B,3
35203009,B,3
35203015,C,2
35203016,C,4
35203018,C,2
35203026,C,3
35203027,C,1
35203028,C,1
35203029,C,1
35203030,C,1
35203031,C,1
35203032,C,1
35203033,C,1
35203034,A,1
35203035,C,4
35203036,C,4
35203037,A,1
35203038,C,4
35203039,C,1
35203040,C,1
35203041,C,1
35203042,C,4
35203043,C,1
35203044,C,1
35203045,C,1
35203046,C,4
35203047,C,4
35203048,C,1
35203049,C,1
35203050,C,2
35203051,C,2
35203052,C,1
35203053,C,3
35203054,C,2
35203055,C,1
35203056,C,3
35203057,A,1
35203058,C,1
35203059,C,1
35203060,C,1
35203061,C,4
35203064,C,4
35203071,C,1
35203072,C,1
35203073,C,1
35203074,C,4
35203075,C,4
35203077,C,1
35203079,C,4
35203080,C,1
35203081,C,1
35203082,A,1
35203086,C,4
35203087,C,1
35203093,C,4
35203094,C,2
35203095,C,1
35203096,C,1
35203097,C,1
35203098,C,4
35203102,B,1
35203105,B,1
35203107,B,3
35203108,B,3
35203109,B,1
35203110,B,3
35203111,B,3
35203112,B,3
35203113,B,3
35203126,B,1
35203127,C,4
35203128,B,1
35203129,D,1
35203130,D,1
35203131,A,3
35203132,A,2
35203133,A,2
35203134,A,2
35203135,B,1
35203136,B,1
35203137,B,1
35203138,B,1
35203139,B,3
35203140,B,3
35203141,B,3
35203142,B,3
35203143,C,4
35203144,A,2
35203146,B,1
35203147,B,1
35203148,D,1
35203149,A,3
35203150,B,3
35203151,B,1
35203152,B,1
35203153,D,1
35203154,B,1
35203156,A,2
35203157,A,3
35203160,A,3
35203161,D,2
35203162,D,1
35203163,D,1
35203167,D,1
35203170,D,1
35203174,A,2
35203175,D,2
35203176,D,2
35203177,D,2
35203183,D,1
35203184,D,1
35203185,B,3
35203190,D,1
35203191,A,2
35203192,D,1
35203193,D,1
35203194,D,1
35203195,D,1
35203196,A,2
35203197,D,1
35203198,D,1
35203199,A,2
35203200,A,2
35203201,D,1
35203202,A,2
35203203,D,1
35203204,A,2
35203208,B,1
35203209,A,2
35203210,D,1
35203211,B,1
35203212,D,1
35203213,D,1
35203214,D,1
35203216,D,1
35203217,B,1
35203218,B,1
35203219,A,2
35203220,A,2
35203221,B,1
35203222,D,1
35203223,D,1
35203224,D,1
35203225,B,1
35203226,B,1
35203227,C,1
35203228,D,1
35203229,B,1
35203230,D,1
35203231,B,1
35203232,A,2
35203233,B,1
35203234,B,1
35203235,B,1
35203236,B,1
35203237,B,1
35203238,B,1
35203239,C,2
35203240,B,1
35203241,A,2
35203242,B,1
35203243,B,1
35203244,D,1
35203245,B,1
35203246,B,1
35203247,B,1
35203248,B,1
35203249,B,1
35203250,B,1
35203251,C,4
35203252,B,1
35203253,B,1
35203254,B,1
35203255,B,1
35203256,B,1
35203257,D,1
35203258,C,1
35203259,C,2
35203260,B,1
35203261,C,2
35203263,A,2
35203264,B,1
35203265,B,1
35203266,B,1
35203267,B,1
35203268,C,1
35203269,C,1
35203270,D,1
35203271,C,1
35203273,B,2
35203274,A,1
35203275,C,3
35203276,C,4
35203277,B,1
35203278,C,1
35203279,B,1
35203280,C,1
35203281,C,4
35203282,B,2
35203283,C,1
35203284,B,1
35203285,B,1
35203286,C,1
35203287,A,1
35203288,C,1
35203289,C,4
35203290,A,1
35203291,A,1
35203292,C,4
35203293,A,1
35203294,C,1
35203296,C,1
35203297,C,4
35203298,A,1
35203299,C,1
35203300,C,1
35203301,C,4
35203314,B,1
35203315,B,1
35203316,A,1
35203317,B,1
35203318,B,1
35203321,B,1
35203322,B,1
35203323,B,3
35203324,C,4
35203330,A,1
35203331,C,3
35203332,B,2
35203333,C,1
35203334,C,1
35203337,C,1
35203338,C,1
35203339,C,1
35203340,C,3
35203342,A,1
35203344,A,2
35203345,C,1
35203346,A,1
35203347,C,1
35203348,C,3
35203350,C,3
35203351,C,1
35203352,C,1
35203353,C,4
35203354,C,1
35203355,C,1
35203356,C,1
35203357,A,1
35203358,C,1
35203359,C,1
35203360,C,1
35203361,C,1
35203362,B,2
35203363,C,4
35203370,C,4
35203371,C,3
35203372,C,1
35203373,B,1
35203374,C,1
35203375,B,2
35203376,D,1
35203377,C,1
35203378,B,2
35203379,C,4
35203380,C,1
35203381,C,1
35203382,C,1
35203383,B,1
35203384,B,2
35203385,C,4
35203386,B,1
35203387,A,1
35203388,C,1
35203389,C,1
35203391,C,1
35203392,D,1
35203393,C,4
35203394,C,3
35203395,C,1
35203396,C,1
35203399,B,2
35203400,B,2
35203401,C,4
35203402,C,3
35203403,C,4
35203404,C,3
35203405,C,3
35203406,C,3
35203407,C,1
35203408,C,3
35203409,A,1
35203410,B,1
35203411,C,1
35203412,A,1
35203413,C,1
35203414,B,1
35203415,C,1
35203416,C,1
35203417,A,1
35203418,C,4
35203419,C,2
35203420,C,1
35203421,C,1
35203422,C,1
35203423,C,1
35203427,C,4
35203435,A,1
35203439,C,4
35203440,C,4
35203441,C,4
35203442,C,2
35203443,C,4
35203444,C,3
35203445,C,1
35203446,C,1
35203447,C,4
35203448,A,1
35203449,A,1
35203450,A,1
35203451,C,4
35203452,C,3
35203458,C,4
35203461,C,1
35203462,C,1
35203463,C,1
35203465,C,3
35203466,C,3
35203467,C,1
35203468,C,4
35203469,C,4
35203470,A,1
35203471,A,1
35203472,C,3
35203479,C,1
35203480,C,1
35203482,C,4
35203483,C,1
35203484,C,4
35203485,C,1
35203486,C,3
35203489,C,4
35203490,C,1
35203491,C,4
35203492,C,4
35203493,C,4
35203494,C,1
35203495,C,2
35203496,C,1
35203498,C,1
35203501,C,1
35203502,C,4
35203503,C,1
35203504,B,1
35203505,C,1
35203506,D,1
35203507,B,1
35203508,B,1
35203509,C,4
35203510,D,1
35203511,C,4
35203512,C,1
35203513,C,1
35203519,B,1
35203520,C,3
35203521,C,4
35203522,C,4
35203523,C,4
35203524,B,1
35203525,B,1
35203526,B,1
35203527,C,4
35203528,C,1
35203529,C,1
35203530,C,1
35203531,B,1
35203532,C,4
35203533,C,4
35203534,C,1
35203535,A,1
35203536,C,1
35203537,C,1
35203538,C,1
35203539,C,2
35203540,C,2
35203541,A,1
35203542,C,3
35203543,B,2
35203544,C,4
35203545,A,1
35203546,C,1
35203547,C,1
35203548,C,3
35203552,C,1
35203554,C,4
35203561,C,3
35203566,D,1
35203567,C,4
35203568,C,4
35203569,A,2
35203570,C,1
35203571,C,1
35203572,C,1
35203573,C,1
35203574,C,4
35203575,B,2
35203576,B,2
35203577,C,1
35203578,B,2
35203579,C,1
35203580,C,3
35203581,A,1
35203584,C,3
35203585,B,2
35203586,C,4
35203587,B,2
35203588,B,2
35203589,B,2
35203590,C,1
35203591,A,1
35203592,B,2
35203593,B,2
35203594,C,1
35203595,A,1
35203596,B,1
35203597,B,2
35203599,C,1
35203600,D,1
35203604,C,4
35203605,C,1
35203606,C,1
35203607,C,1
35203608,C,1
35203610,B,1
35203611,C,1
35203612,B,2
35203613,C,1
35203614,B,2
35203615,C,4
35203616,C,1
35203617,C,3
35203618,C,3
35203619,C,4
35203620,C,4
35203621,C,1
35203622,C,1
35203623,C,4
35203626,C,1
35203627,B,2
35203628,B,2
35203629,B,2
35203630,B,2
35203631,B,2
35203632,B,2
35203633,B,1
35203634,C,1
35203635,A,1
35203636,C,1
35203637,C,1
35203640,B,2
35203641,B,2
35203649,B,3
35203650,C,4
35203651,C,1
35203652,C,1
35203653,C,1
35203654,C,1
35203655,C,1
35203656,C,2
35203657,C,1
35203658,C,4
35203659,C,3
35203660,C,4
35203661,C,4
35203664,C,3
35203666,C,3
35203668,C,1
35203669,C,1
35203670,C,1
35203672,C,1
35203673,A,1
35203675,C,1
35203676,C,4
35203677,B,1
35203678,B,1
35203679,B,1
35203680,B,3
35203681,B,1
35203682,B,1
35203683,B,3
35203684,C,1
35203685,B,2
35203686,B,1
35203687,C,4
35203688,C,1
35203689,B,2
35203690,C,1
35203691,C,1
35203692,B,2
35203693,C,1
35203694,C,1
35203695,C,1
35203696,C,1
35203697,C,1
35203698,C,1
35203699,C,4
35203700,C,4
35203701,C,4
35203703,C,1
35203704,C,1
35203705,A,1
35203708,C,1
35203709,C,3
35203710,C,1
35203711,C,1
35203712,C,1
35203713,C,1
35203714,B,2
35203715,C,1
35203716,C,3
35203717,B,3
35203718,C,1
35203719,B,1
35203720,C,4
35203721,B,1
35203722,B,1
35203723,B,1
35203724,B,1
35203725,A,1
35203726,C,1
35203729,B,1
35203730,B,2
35203731,A,1
35203732,A,1
35203733,B,3
35203734,B,2
35203735,B,1
35203736,C,4
35203737,B,1
35203738,C,1
35203739,B,2
35203740,C,1
35203743,C,1
35203744,C,1
35203745,C,1
35203746,C,1
35203747,C,1
35203748,B,1
35203751,C,1
35203752,C,1
35203753,C,4
35203754,C,4
35203755,C,2
35203756,C,1
35203757,C,1
35203758,C,1
35203759,B,1
35203760,B,1
35203761,B,1
35203762,C,1
35203766,C,3
35203786,B,3
35203787,C,3
35203788,B,3
35203789,B,1
35203790,B,1
35203791,B,1
35203792,C,4
35203793,B,1
35203794,C,2
35203796,C,4
35203798,A,2
35203799,B,1
35203800,B,1
35203801,B,1
35203802,B,1
35203803,B,1
35203807,D,1
35203808,B,1
35203809,B,1
35203810,B,1
35203811,B,1
35203812,A,2
35203813,B,1
35203815,B,1
35203816,B,1
35203817,D,1
35203818,D,1
35203819,B,1
35203820,D,1
35203828,B,1
35203829,B,1
35203830,D,1
35203833,D,1
35203834,D,1
35203835,A,2
35203836,D,1
35203837,D,1
35203838,D,1
35203841,D,1
35203842,A,2
35203843,D,1
35203844,D,1
35203845,D,1
35203846,D,1
35203847,A,1
35203848,B,1
35203849,B,1
35203850,A,2
35203851,A,2
35203852,B,1
35203853,D,1
35203857,A,1
35203858,D,1
35203859,A,2
35203860,D,1
35203861,A,2
35203864,C,3
35203865,A,2
35203866,A,3
35203867,D,1
35203868,D,1
35203869,B,1
35203870,B,1
35203871,B,1
35203872,B,1
35203873,B,1
35203876,B,1
35203877,A,2
35203878,A,2
35203880,B,1
35203881,D,1
35203882,B,1
35203883,B,1
35203884,B,1
35203885,D,1
35203886,B,1
35203887,B,1
35203888,B,1
35203889,B,1
35203890,B,1
35203891,A,2
35203892,B,1
35203893,D,1
35203895,B,1
35203897,D,1
35203898,B,1
35203899,A,1
35203908,A,3
35203909,B,2
35203910,B,2
35203911,C,4
35203912,A,1
35203913,B,2
35203914,A,3
35203915,A,1
35203916,C,1
35203917,B,2
35203919,C,4
35203921,C,4
35203922,B,2
35203925,A,1
35203926,B,2
35203927,B,2
35203928,B,2
35203929,B,2
35203930,B,2
35203931,B,2
35203932,B,2
35203933,B,2
35203936,B,2
35203937,B,2
35203938,C,1
35203939,C,1
35203940,C,1
35203943,C,1
35203945,C,3
35203946,C,3
35203947,A,3
35203948,A,1
35203951,A,1
35203953,C,3
35203954,A,3
35203955,C,3
35203958,A,1
35203959,C,3
35203960,C,3
35203961,C,3
35203962,A,1
35203965,C,3
35203971,A,1
35203973,C,4
35203974,A,1
35203975,B,2
35203976,A,3
35203977,C,3
35203978,C,3
35203979,C,3
35203980,C,3
35203981,C,3
35203984,D,2
35203986,A,3
35203987,D,1
35203989,A,3
35203990,B,1
35203991,D,2
35203992,C,3
35203993,D,1
35203994,C,3
35203995,C,3
35203997,A,2
35203998,C,2
35204001,D,1
35204003,D,2
35204004,D,2
35204005,B,1
35204006,C,2
35204007,A,3
35204009,A,3
35204010,C,2
35204011,C,3
35204012,C,2
35204013,A,3
35204014,C,3
35204015,A,3
35204018,D,2
35204019,D,2
35204020,D,2
35204021,C,3
35204022,D,2
35204024,A,1
35204026,A,3
35204027,A,3
35204028,C,3
35204029,A,3
35204030,C,3
35204032,A,3
35204033,A,3
35204034,C,2
35204035,C,3
35204036,C,4
35204038,C,2
35204039,A,2
35204040,B,1
35204041,A,3
35204042,C,3
35204043,A,3
35204045,A,3
35204047,B,3
35204049,A,3
35204052,A,1
35204053,A,3
35204054,C,3
35204055,C,3
35204056,C,3
35204057,A,1
35204058,A,1
35204059,A,1
35204060,C,3
35204061,A,1
35204062,C,3
35204063,A,3
35204064,C,3
35204065,A,1
35204066,A,3
35204067,B,3
35204068,A,1
35204069,A,1
35204070,C,3
35204072,C,3
35204073,A,3
35204074,A,1
35204075,A,2
35204076,A,3
35204077,A,3
35204079,A,1
35204080,C,3
35204081,A,3
35204082,A,3
35204083,A,3
35204084,B,2
35204085,A,3
35204087,C,3
35204088,A,1
35204089,A,2
35204090,A,2
35204091,D,2
35204092,B,1
35204093,C,3
35204094,C,3
35204095,A,2
35204096,D,2
35204097,A,2
35204098,B,1
35204100,A,3
35204101,A,3
35204103,A,3
35204105,C,3
35204106,D,2
35204107,C,2
35204109,C,3
35204110,C,3
35204111,C,3
35204113,B,2
35204114,B,2
35204115,A,1
35204116,A,3
35204117,A,3
35204118,A,3
35204119,A,1
35204120,A,3
35204121,A,3
35204124,C,3
35204125,A,1
35204126,C,3
35204127,C,3
35204128,C,3
35204129,C,3
35204130,C,4
35204131,C,3
35204133,C,3
35204134,C,2
35204135,A,3
35204136,C,4
35204137,A,3
35204138,C,1
35204139,A,1
35204141,A,1
35204142,D,2
35204143,C,3
35204144,A,3
35204145,C,3
35204146,C,3
35204147,C,3
35204148,C,1
35204149,C,1
35204150,C,1
35204151,C,1
35204152,B,2
35204153,B,2
35204154,C,4
35204155,A,2
35204156,D,1
35204157,D,1
35204159,C,2
35204160,B,1
35204161,D,1
35204162,C,4
35204163,B,3
35204164,C,2
35204165,C,3
35204166,C,2
35204167,C,2
35204168,C,2
35204169,D,1
35204170,B,3
35204171,C,3
35204172,B,3
35204173,C,4
35204174,C,4
35204176,C,4
35204177,C,1
35204178,C,4
35204179,C,3
35204180,C,1
35204181,C,1
35204182,C,4
35204183,C,1
35204184,D,2
35204186,D,1
35204187,D,2
35204188,D,1
35204189,A,1
35204190,C,3
35204191,C,3
35204192,C,3
35204193,D,1
35204194,C,3
35204195,A,3
35204196,B,2
35204197,D,2
35204198,A,3
35204199,A,3
35204200,B,3
35204201,B,3
35204202,B,2
35204204,B,1
35204205,C,1
35204206,C,2
35204207,C,2
35204208,A,1
35204209,B,3
35204211,C,3
35204212,C,1
35204213,C,1
35204214,A,1
35204215,B,1
35204216,B,2
35204217,B,2
35204218,C,1
35204219,A,1
35204220,D,1
35204221,D,2
35204222,D,2
35204224,C,3
35204225,A,1
35204226,C,1
35204227,A,1
35204228,D,2
35204229,D,2
35204230,D,2
35204231,A,1
35204232,C,2
35204233,C,4
35204235,C,4
35204236,C,1
35204237,B,1
35204238,C,4
35204240,A,2
35204242,A,1
35204243,C,3
35204244,C,1
35204245,D,2
35204246,D,2
35204249,A,1
35204250,A,3
35204251,C,4
35204252,A,1
35204253,B,3
35204254,C,3
35204255,A,1
35204256,B,3
35204257,A,1
35204258,B,3
35204259,C,3
35204261,A,1
35204262,B,3
35204263,B,3
35204265,B,1
35204266,B,3
35204267,C,3
35204268,B,1
35204269,C,3
35204271,B,2
35204272,C,3
35204273,B,3
35204274,A,3
35204275,D,1
35204276,B,2
35204277,C,3
35204278,B,2
35204279,B,3
35204280,B,2
35204281,A,1
35204282,C,1
35204283,C,4
35204284,A,1
35204285,A,1
35204286,C,1
35204287,C,3
35204288,C,4
35204289,C,4
35204290,C,3
35204291,C,3
35204292,C,1
35204293,C,1
35204294,C,1
35204295,C,1
35204296,C,4
35204297,C,1
35204298,C,3
35204299,C,1
35204300,A,1
35204301,B,2
35204302,B,1
35204303,C,4
35204304,B,1
35204305,A,3
35204306,A,3
35204307,A,3
35204309,B,2
35204310,A,3
35204311,D,2
35204312,A,3
35204313,A,3
35204314,A,3
35204315,B,2
35204317,A,3
35204318,B,2
35204319,B,2
35204321,A,3
35204322,B,2
35204323,C,4
35204324,B,2
35204325,B,2
35204326,D,2
35204327,B,2
35204328,A,3
35204329,C,3
35204330,A,1
35204331,C,3
35204332,C,4
35204333,C,3
35204334,C,4
35204335,A,1
35204336,C,1
35204337,A,1
35204338,C,4
35204339,C,3
35204340,C,3
35204341,B,3
35204342,B,1
35204343,C,1
35204344,C,3
35204345,A,1
35204346,C,3
35204347,A,1
35204348,C,3
35204349,C,1
35204350,C,4
35204351,A,1
35204352,C,3
35204353,C,3
35204355,A,3
35204356,A,3
35204357,C,1
35204358,C,3
35204359,C,3
35204360,C,4
35204361,B,1
35204362,B,1
35204363,B,3
35204364,A,1
35204365,B,1
35204366,D,2
35204367,A,1
35204369,C,4
35204370,C,3
35204371,C,3
35204372,A,3
35204373,C,3
35204374,C,2
35204375,C,2
35204376,C,4
35204377,C,4
35204378,C,4
35204379,B,1
35204380,A,3
35204381,D,2
35204382,A,3
35204383,D,1
35204384,A,2
35204385,B,1
35204386,B,1
35204387,D,1
35204388,B,3
35204389,D,1
35204390,A,3
35204391,C,2
35204392,C,2
35204393,B,1
35204394,B,1
35204395,C,2
35204396,C,2
35204397,C,3
35204398,C,3
35204399,C,3
35204400,B,1
35204401,C,3
35204402,C,3
35204403,C,2
35204404,C,2
35204405,C,2
35204406,C,1
35204407,C,2
35204408,C,4
35204409,C,2
35204410,C,2
35204411,C,3
35204412,C,3
35204413,A,1
35204414,C,3
35204415,C,3
35204416,C,4
35204417,C,2
35204418,B,3
35204419,C,2
35204420,B,1
35204421,C,4
35204422,C,2
35204423,C,2
35204424,C,4
35204425,C,4
35204426,A,1
35204427,A,1
35204428,C,3
35204429,C,2
35204430,C,3
35204431,B,3
35204432,C,3
35204433,B,1
35204434,B,1
35204435,C,1
35204436,C,3
35204437,C,4
35204438,C,1
35204439,A,1
35204440,C,2
35204441,C,4
35204442,C,2
35204443,C,2
35204444,C,2
35204445,C,2
35204446,C,3
35204447,C,2
35204448,C,3
35204449,C,2
35204450,C,2
35204451,C,2
35204452,C,2
35204453,A,1
35204454,A,1
35204455,C,3
35204456,A,1
35204457,B,1
35204458,C,3
35204460,C,4
35204461,D,1
35204462,A,2
35204463,D,1
35204464,C,3
35204465,D,1
35204466,A,3
35204467,D,2
35204468,A,3
35204469,A,3
35204470,A,3
35204471,C,1
35204472,C,1
35204473,C,1
35204474,C,3
35204475,C,1
35204476,C,1
35204477,C,1
35204478,C,4
35204479,D,1
35204480,A,1
35204481,B,1
35204482,D,1
35204483,D,1
35204484,D,1
35204485,B,1
35204486,B,1
35204487,A,3
35204488,C,3
35204489,C,3
35204490,C,2
35204491,C,2
35204492,C,4
35204493,C,2
35204494,C,2
35204495,B,1
35204496,B,1
35204497,B,1
35204498,D,1
35204499,D,1
35204500,D,1
35204501,D,1
35204502,D,1
35204503,D,2
35204504,D,1
35204505,A,3
35204506,A,2
35204507,D,2
35204508,D,1
35204509,D,1
35204510,D,1
35204511,B,1
35204512,D,1
35204513,B,1
35204514,C,2
35204515,A,2
35204516,C,2
35204517,C,2
35204518,B,1
35204519,A,2
35204520,C,2
35204521,A,2
35204522,A,2
35204523,A,2
35204524,B,1
35204525,B,1
35204526,A,2
35204527,B,1
35204528,B,1
35204529,B,1
35204530,D,1
35204531,B,1
35204532,A,2
35204533,A,3
35204534,A,2
35204535,A,3
35204536,D,2
35204537,D,1
35204538,B,1
35204539,D,1
35204540,D,1
35204541,B,1
35204542,A,2
35204543,D,2
35204544,D,1
35204545,A,2
35204546,C,4
35204547,C,2
35204548,A,1
35204549,C,2
35204550,C,2
35204551,C,2
35204552,C,2
35204553,B,1
35204554,C,2
35204555,C,2
35204556,D,1
35204557,B,1
35204558,D,2
35204559,D,1
35204560,B,1
35204561,D,1
35204562,D,2
35204563,A,1
35204564,C,3
35204565,D,2
35204566,D,2
35204567,C,3
35204568,D,1
35204569,A,2
35204570,D,1
35204571,A,2
35204572,D,1
35204573,D,1
35204574,D,1
35204575,D,1
35204576,D,1
35204577,D,1
35204578,D,2
35204579,D,2
35204580,D,2
35204581,D,2
35204582,A,2
35204583,A,2
35204584,D,2
35204585,D,2
35204586,D,2
35204587,D,2
35204588,A,3
35204589,D,2
35204590,D,2
35204591,D,2
35204592,D,2
35204593,A,2
35204594,D,2
35204595,A,3
35204596,D,2
35204597,A,2
35204598,D,2
35204599,A,3
35204600,A,2
35204601,D,2
35204602,A,3
35204603,D,2
35204605,A,3
35204606,A,3
35204607,D,2
35204608,D,2
35204609,D,2
35204610,B,3
35204611,D,2
35204612,D,2
35204613,D,2
35204614,D,2
35204615,D,2
35204616,D,2
35204617,D,2
35204618,A,3
35204620,D,2
35204621,D,2
35204622,D,2
35204623,D,2
35204624,D,2
35204625,A,2
35204626,D,1
35204627,B,1
35204628,B,1
35204629,D,1
35204630,D,1
35204631,B,1
35204632,B,1
35204633,D,1
35204634,D,1
35204635,D,1
35204636,B,1
35204637,B,1
35204638,B,1
35204639,B,1
35204640,B,1
35204641,C,4
35204642,B,1
35204643,B,1
35204644,B,1
35204645,A,2
35204646,B,1
35204647,C,3
35204648,C,3
35204649,A,1
35204650,D,2
35204652,D,2
35204653,A,3
35204655,D,2
35204656,D,2
35204657,C,3
35204658,D,1
35204659,D,1
35204660,D,1
35204661,D,1
35204662,C,3
35204663,D,1
35204664,D,1
35204665,D,1
35204666,D,2
35204667,D,1
35204668,C,3
35204669,D,2
35204670,A,3
35204671,A,2
35204672,B,1
35204673,B,1
35204674,B,1
35204675,B,1
35204676,D,2
35204678,C,2
35204679,A,2
35204680,D,1
35204681,B,1
35204682,D,1
35204683,C,2
35204684,D,1
35204685,C,2
35204686,C,1
35204687,C,2
35204688,D,2
35204689,C,3
35204690,D,2
35204691,C,3
35204692,D,1
35204693,C,2
35204694,D,2
35204695,D,1
35204696,C,4
35204697,C,3
35204698,C,3
35204699,C,3
35204700,C,3
35204701,B,3
35204704,D,2
35204705,B,2
35204707,A,3
35204708,B,2
35204709,D,1
35204710,C,4
35204711,C,1
35204712,C,1
35204714,C,1
35204715,C,1
35204716,C,1
35204717,C,1
35204718,C,1
35204719,C,1
35204720,C,1
35204721,C,1
35204722,C,1
35204723,C,1
35204725,C,4
35204726,C,1
35204727,C,1
35204728,B,2
35204729,C,1
35204730,C,1
35204731,C,1
35204732,C,1
35204733,C,4
35204734,A,2
35204735,A,2
35204736,C,4
35204737,C,2
35204738,A,3
35204739,B,2
35204740,A,1
35204741,B,2
35204742,A,1
35204743,C,4
35204744,C,4
35204745,C,1
35204746,C,4
35204747,C,1
35204748,D,2
35204749,D,2
35204750,D,1
35204751,B,1
35204752,B,1
35204753,B,1
35204754,A,3
35204755,A,3
35204756,D,1
35204757,B,1
35204758,A,3
35204759,B,2
35204760,C,4
35204761,B,1
35204762,C,2
35204763,A,3
35204764,D,1
35204765,A,1
35204766,C,2
35204767,A,1
35204768,C,3
35204769,C,1
35204770,C,1
35204771,C,1
35204772,A,1
35204773,A,1
35204774,C,3
35204775,A,1
35204776,C,3
35204777,A,3
35204778,B,2
35204779,B,2
35204780,B,2
35204781,C,3
35204782,A,1
35204783,B,3
35204784,B,3
35204785,A,1
35204786,C,1
35204787,B,2
35204788,C,1
35204789,C,3
35204790,A,1
35204791,C,4
35204793,D,2
35204794,A,3
35204795,A,1
35204796,A,1
35204797,A,1
35204798,C,1
35204799,A,3
35204800,B,3
35204801,C,3
35204802,A,1
35204803,A,1
35204805,C,1
35204806,C,4
35204807,A,1
35204808,A,1
35204809,C,3
35204810,C,1
35204811,A,1
35204812,A,1
35204813,A,3
35204814,A,3
35204815,A,3
35204816,A,3
35204817,A,3
35204819,D,2
35204820,D,2
35204821,D,2
35204822,A,3
35204823,D,2
35204824,A,3
35204825,D,2
35204826,D,2
35204827,D,2
35204828,A,3
35204829,A,3
35204830,A,3
35204831,A,3
35204832,D,2
35204833,A,3
35204835,C,1
35204836,C,1
35204837,C,1
35204838,A,1
35204839,A,1
35204840,C,3
35204841,D,2
35204842,D,2
35204843,D,2
35204844,D,2
35204845,D,2
35204846,A,3
35204847,A,3
35204848,A,3
35204850,A,3
35204851,A,1
35204852,A,1
35204853,B,2
35204854,B,3
35204855,B,1
35204856,A,3
35204857,D,2
35204858,A,3
35204859,A,1
35204860,B,3
35204861,D,2
35204862,A,1
35204863,A,3
35204864,B,3
35204865,A,3
35204866,D,1
35204867,A,2
35204869,B,1
35204870,D,2
35204871,D,2
35204872,A,3
35204873,D,2
35204876,A,1
35204877,A,1
35204878,B,3
35204879,A,3
35204880,D,2
35204881,A,2
35204882,D,2
35204883,D,2
35204884,B,2
35204885,A,3
35204886,C,3
35204887,C,2
35204888,A,2
35204889,D,1
35204890,C,4
35204891,D,2
35204892,B,3
35204893,B,3
35204894,D,2
35204895,D,2
35204896,D,2
35204897,D,2
35204898,D,2
35204899,B,3
35204900,D,2
35204901,D,2
35204902,D,2
35204903,D,2
35204904,A,3
35204905,D,2
35204906,C,3
